Passage,Title,Author,Type
You do not like them. So you say. Try them! Try them! And you may.,Green Eggs and Ham,Dr. Seuss,Picture
"David, raise your hand!","No, David!",David Shannon,Picture
"Ronald,' said Elizabeth, 'your clothes are really pretty and your hair is very neat. You look like a real prince, but you are a bum.'",The Paper Bag Princess,Robert Munsch,Picture
I wish that I could give you something . . . but I have nothing left.,The Giving Tree,Shel Silverstein,Picture
"The more he gave away, the more delighted he became.",The Rainbow Fish,Marcus Pfister,Picture
You must be a friend. I've always wanted a friend.,Corduroy,Don Freeman,Picture
"I'll be famous one day, but for now I'm stuck in middle school with a bunch of morons.",Diary of a Wimpy Kid,Jeff Kinney,Chapter
"By helping you, perhaps I was trying to lift up my life a trifle. Heaven knows anyone's life can stand a little of that.",Charlotte's Web,E. B. White,Chapter
There are a whole lot of things in this world of ours you haven't started wondering about yet.,James and the Giant Peach,Roald Dahl,Chapter
He who jumps for the moon and gets it not leaps higher than he who stoops for a penny in the mud.,The Merry Adventures of Robin Hood,Howard Pyle,Chapter
It's not enough to be friendly. You have to be a friend.,Wonder,R. J. Palacio,Chapter
"I have never tried that before, so I think I should definitely be able to do that.",Pippi Longstocking,Astrid Lindgren,Chapter
"But the more I focused on my interests, the more it brought out things I liked about myself.",Smile,Raina Telgemeier,Comic
"That's right, kid. Never play an ace if a two will do.",Out from Boneville,Jeff Smith,Comic
You won't know the meaning of success without knowing how it feels to fail.,Amulet: The Stonekeeper,Kazu Kibuishi,Comic
"Mrs. Godfrey, will you tell Nate to stop? When he inhales he holds it for a long time, then lets it out in a long, loud exhale!",Big Nate: In a Class by Himself,Lincoln Pierce,Comic
Will power! Nerves of steel! Strength of character!,Archie Comics,John L. Goldwater,Comic
Our differences are our superpowers.,El Deafo,Cece Bell,Comic
